feature_name,correlation
polarity_2d_mavg,-0.23003219372506697
volume_5d_mavg,-0.02904513768052388
close_5d_mavg,-0.02904513768052388
daily_pct_change,0.054538191909535606
signal_line,0.5928550833465988
rsi,0.21063337975533328
vwap,0.8271074837882599
